case,profile,variant,scenario,workers,producers,central_batch,iterations,shards,median_us,min_us,max_us,change_pct,diag_packets,diag_external_submit,diag_worker_submit,diag_inline_execute,diag_external_retry,diag_local_push,diag_local_spill,diag_ingress_push,diag_ingress_full,diag_local_acquire,diag_drain_tasks,diag_remote_drain_tasks,diag_steal_probe,diag_steal_empty,diag_steal_lost,diag_stolen_tasks,diag_wake_call,diag_wake_signal,diag_park_call,diag_park_timeout,diag_help_attempt,diag_help_success,diag_executed,diag_cross_thread_free,diag_completion_created,diag_external_batch,diag_batch_tasks
0,o3,baseline,external-contention,1,2,1024,,1,7808.854,7757.422,9494.625,0.0,1.0,1.0,0.0,0.0,0.0,0.0,0.0,1.0,0.0,0.966827392578125,1.0,0.0,0.0,0.0,0.0,0.0,1.9976555960518974,3.487723214285714e-05,3.160749162946429e-05,0.0,0.0,0.0,1.0,1.0,0.0,0.0,0.0
0,o3,relay,external-contention,1,2,1024,,1,7880.576,7835.299,7910.493,0.9184702390389043,1.0,1.0,0.0,0.0,0.0,0.0,0.0,1.0,0.0,0.9283883231026786,1.0,0.0,0.0,0.0,0.0,0.0,1.0716116768973214,0.00025721958705357144,0.00014822823660714285,0.0,0.0,0.0,1.0,1.0,0.0,0.0,0.0
0,o3-lto,baseline,external-contention,1,2,1024,,1,8841.817,7764.014,11828.006,0.0,1.0,1.0,0.0,0.0,0.0,0.0,0.0,1.0,0.0,0.9678747994559151,1.0,0.0,0.0,0.0,0.0,0.0,1.9987553187779017,1.1989048549107143e-05,9.809221540178572e-06,0.0,0.0,0.0,1.0,1.0,0.0,0.0,0.0
0,o3-lto,relay,external-contention,1,2,1024,,1,7837.212,7816.577,11617.952,-11.361974580564137,1.0,1.0,0.0,0.0,0.0008839198521205357,0.0,0.0,1.0,0.0008839198521205357,0.9626421247209821,1.0,0.0,0.0,0.0,0.0,0.0,1.037705557686942,6.757463727678572e-05,5.340576171875e-05,1.0899135044642857e-06,0.0,0.0,1.0,1.0,0.0,0.0,0.0
1,o3,baseline,external-contention,4,2,1024,,4,4036.905,3433.005,4192.386,0.0,1.0,1.0,0.0,0.0,4.032679966517857e-05,0.0,0.0,1.0,4.032679966517857e-05,0.9648372105189732,1.0,0.5345469883510044,0.012911115373883928,0.006265912737165179,0.00022016252790178572,0.006425040108816964,1.9956839425223214,0.0002811976841517857,0.00017002650669642856,0.0,0.0,0.0,1.0,1.0,0.0,0.0,0.0
1,o3,relay,external-contention,4,2,1024,,4,4027.094,3983.946,4059.524,-0.24303271937289317,1.0,1.0,0.0,0.0,1.6348702566964285e-05,0.0,0.0,1.0,1.6348702566964285e-05,0.9653069632393974,1.0,0.5421186174665179,0.007771083286830357,0.002963474818638393,0.00022125244140625,0.004586356026785714,1.0347093854631697,6.866455078125e-05,4.468645368303571e-05,6.539481026785714e-06,0.0,0.0,1.0,1.0,0.0,0.0,0.0
1,o3-lto,baseline,external-contention,4,2,1024,,4,3894.656,3424.45,4068.455,0.0,1.0,1.0,0.0,0.0,0.00021580287388392856,0.0,0.0,1.0,0.00021580287388392856,0.9654824393136161,1.0,0.5369796752929688,0.009554181780133928,0.004608154296875,0.00012642996651785715,0.004819597516741071,1.99639892578125,0.00018201555524553572,8.937290736607142e-05,0.0,0.0,0.0,1.0,1.0,0.0,0.0,0.0
1,o3-lto,relay,external-contention,4,2,1024,,4,4254.2,3676.37,4797.038,9.231726755841851,1.0,1.0,0.0,0.0,0.00018746512276785715,0.0,0.0,1.0,0.00018746512276785715,0.965651375906808,1.0,0.5090506417410714,0.0092620849609375,0.004284449986049107,0.00021471296037946428,0.004762922014508929,1.0345023018973214,0.0001678466796875,6.648472377232142e-05,3.269740513392857e-06,0.0,0.0,1.0,1.0,0.0,0.0,0.0
2,o3,baseline,external-batch,1,2,1024,,1,4331.758,4045.13,5247.7,0.0,1.0,1.0,0.0,0.0,0.005967276436941964,0.0,0.0,1.0,0.005967276436941964,0.9676927839006696,1.0,0.0,0.0,0.0,0.0,0.0,1.0619430541992188,9.809221540178572e-06,9.809221540178572e-06,0.0,0.0,0.0,1.0,1.0,0.0,0.0625,1.0
2,o3,relay,external-batch,1,2,1024,,1,4101.073,3958.638,5027.369,-5.325436000810746,1.0,1.0,0.0,0.0,0.0004185267857142857,0.0,0.0,1.0,0.0004185267857142857,0.9670671735491071,1.0,0.0,0.0,0.0,0.0,0.0,0.09546770368303571,6.321498325892858e-05,4.57763671875e-05,0.0,0.0,0.0,1.0,1.0,0.0,0.0625,1.0
2,o3-lto,baseline,external-batch,1,2,1024,,1,3857.557,3806.895,3881.593,0.0,1.0,1.0,0.0,0.0,0.0,0.0,0.0,1.0,0.0,0.9680568150111607,1.0,0.0,0.0,0.0,0.0,0.0,1.0614100864955358,7.62939453125e-06,7.62939453125e-06,0.0,0.0,0.0,1.0,1.0,0.0,0.0625,1.0
2,o3-lto,relay,external-batch,1,2,1024,,1,3932.949,3915.148,4946.788,1.9543975630172294,1.0,1.0,0.0,0.0,0.0,0.0,0.0,1.0,0.0,0.9678715297154018,1.0,0.0,0.0,0.0,0.0,0.0,0.09462847028459821,2.288818359375e-05,2.288818359375e-05,0.0,0.0,0.0,1.0,1.0,0.0,0.0625,1.0
3,o3,baseline,external-batch,4,2,1024,,4,2777.246,2674.814,3549.023,0.0,1.0,1.0,0.0,0.0,0.00040871756417410713,0.0,0.0,1.0,0.00040871756417410713,0.9667347499302456,1.0,0.3260225568498884,0.006220136369977679,0.002514430454799107,0.00020926339285714285,0.0034964425223214285,1.0601555960518974,7.520403180803572e-05,3.487723214285714e-05,0.0,0.0,0.0,1.0,1.0,0.0,0.0625,1.0
3,o3,relay,external-batch,4,2,1024,,4,2816.61,2626.535,3083.58,1.4173753423355473,1.0,1.0,0.0,0.0,0.00046539306640625,0.0,0.0,1.0,0.00046539306640625,0.9668121337890625,1.0,0.30337633405412945,0.007007053920200893,0.002628871372767857,0.00020490373883928572,0.00417327880859375,0.09578159877232142,6.430489676339286e-05,3.378731863839286e-05,0.0,0.0,0.0,1.0,1.0,0.0,0.0625,1.0
3,o3-lto,baseline,external-batch,4,2,1024,,4,2618.53,2545.062,2801.934,0.0,1.0,1.0,0.0,0.0,0.0010081699916294643,0.0,0.0,1.0,0.0010081699916294643,0.9668426513671875,1.0,0.3368650163922991,0.007839747837611608,0.0031901768275669645,0.00026702880859375,0.004382542201450893,1.0605675833565849,0.0001068115234375,3.923688616071429e-05,0.0,0.0,0.0,1.0,1.0,0.0,0.0625,1.0
3,o3-lto,relay,external-batch,4,2,1024,,4,2617.557,2477.958,2688.54,-0.03715825291290553,1.0,1.0,0.0,0.0,0.00033351353236607144,0.0,0.0,1.0,0.00033351353236607144,0.9669538225446429,1.0,0.34500231061662945,0.006735665457589286,0.002330235072544643,0.00012098039899553572,0.004285539899553571,0.09584372384207589,5.013602120535714e-05,4.141671316964286e-05,0.0,0.0,0.0,1.0,1.0,0.0,0.0625,1.0
4,o3,baseline,hot-shard-skew,1,2,1024,,1,14134.796,13972.667,16102.184,0.0,1.0,1.0,0.0,0.0,0.141448974609375,0.0,0.0,1.0,0.141448974609375,0.968017578125,1.0,0.0,0.0,0.0,0.0,0.0,2.0184478759765625,1.52587890625e-05,1.743861607142857e-05,2.1798270089285713e-06,0.0,0.0,1.0,1.0,0.0,0.0,0.0
4,o3,relay,hot-shard-skew,1,2,1024,,1,13732.127,13701.06,13803.501,-2.848778291529641,1.0,1.0,0.0,0.0,0.13346426827566965,0.0,0.0,1.0,0.13346426827566965,0.9679325648716518,1.0,0.0,0.0,0.0,0.0,0.0,1.0510210309709822,1.52587890625e-05,1.52587890625e-05,0.0,0.0,0.0,1.0,1.0,0.0,0.0,0.0
4,o3-lto,baseline,hot-shard-skew,1,2,1024,,1,14173.53,13977.532,16955.301,0.0,1.0,1.0,0.0,0.0,0.14254978724888392,0.0,0.0,1.0,0.14254978724888392,0.9680219377790179,1.0,0.0,0.0,0.0,0.0,0.0,2.0188467843191966,1.52587890625e-05,1.52587890625e-05,0.0,0.0,0.0,1.0,1.0,0.0,0.0,0.0
4,o3-lto,relay,hot-shard-skew,1,2,1024,,1,13665.323,13596.281,18415.133,-3.5856064085658335,1.0,1.0,0.0,0.0,0.13768441336495535,0.0,0.0,1.0,0.13768441336495535,0.9680284772600446,1.0,0.0,0.0,0.0,0.0,0.0,1.0514678955078125,1.52587890625e-05,1.52587890625e-05,0.0,0.0,0.0,1.0,1.0,0.0,0.0,0.0
5,o3,baseline,hot-shard-skew,4,2,1024,,4,4140.67,4116.685,4578.677,0.0,1.0,1.0,0.0,0.0,0.015642438616071428,0.0,0.0,1.0,0.015642438616071428,0.9625898088727679,1.0,0.7526332310267857,0.04007829938616071,0.022402082170758928,0.00018528529575892856,0.017490931919642856,2.000730242047991,0.0011313302176339285,0.0009634835379464286,0.0,0.0,0.0,1.0,1.0,0.0,0.0,0.0
5,o3,relay,hot-shard-skew,4,2,1024,,4,4103.437,4056.01,7890.678,-0.8992023030089391,1.0,1.0,0.0,0.0,0.014118739536830358,0.0,0.0,1.0,0.014118739536830358,0.9646388462611607,1.0,0.745391845703125,0.022188459123883928,0.008808680943080358,5.231584821428571e-05,0.013327462332589286,1.041597638811384,0.0002528599330357143,0.00017438616071428572,0.0,0.0,0.0,1.0,1.0,0.0,0.0,0.0
5,o3-lto,baseline,hot-shard-skew,4,2,1024,,4,4231.077,4095.815,4242.769,0.0,1.0,1.0,0.0,0.0,0.017527988978794644,0.0,0.0,1.0,0.017527988978794644,0.9643707275390625,1.0,0.7557961600167411,0.024244035993303572,0.007457188197544643,0.0001220703125,0.016664777483258928,2.0030691964285716,8.719308035714286e-05,6.757463727678572e-05,0.0,0.0,0.0,1.0,1.0,0.0,0.0,0.0
5,o3-lto,relay,hot-shard-skew,4,2,1024,,4,4068.231,4053.013,5132.333,-3.8488072894915404,1.0,1.0,0.0,0.0,0.012165614536830358,0.0,0.0,1.0,0.012165614536830358,0.9650639125279018,1.0,0.7501089913504464,0.020581926618303572,0.006864275251116071,7.62939453125e-05,0.013641357421875,1.0406058175223214,7.411411830357142e-05,0.00010463169642857142,3.269740513392857e-05,0.0,0.0,1.0,1.0,0.0,0.0,0.0
6,o3,baseline,local-overflow,1,2,1024,,1,1847.587,1834.393,1871.051,0.0,1.0,1.5258556235409006e-05,0.9999847414437646,0.7343637944977647,0.0,0.015624761585058822,0.9843599798587058,0.25001144391717656,0.7343637944977647,0.2573115731789458,0.25001144391717656,0.0,0.0,0.0,0.0,0.0,0.5309890378172417,1.5258556235409006e-05,1.5258556235409006e-05,0.0,0.0,0.0,1.0,1.5258556235409006e-05,1.5258556235409006e-05,0.0,0.0
6,o3,relay,local-overflow,1,2,1024,,1,1805.157,1753.041,1933.829,-2.296508905940564,1.0,1.5258556235409006e-05,0.9999847414437646,0.7343637944977647,0.0,0.015624761585058822,0.9843599798587058,0.25001144391717656,0.7343637944977647,0.25730939338519787,0.25001144391717656,0.0,0.0,0.0,0.0,0.0,0.2739630176192729,1.5258556235409006e-05,1.5258556235409006e-05,0.0,0.0,0.0,1.0,1.5258556235409006e-05,1.5258556235409006e-05,0.0,0.0
6,o3-lto,baseline,local-overflow,1,2,1024,,1,1370.174,1361.338,3526.259,0.0,1.0,1.5258556235409006e-05,0.9999847414437646,0.7343637944977647,0.0,0.015624761585058822,0.9843599798587058,0.25001144391717656,0.7343637944977647,0.25731593276644166,0.25001144391717656,0.0,0.0,0.0,0.0,0.0,0.5309933974047376,1.5258556235409006e-05,1.5258556235409006e-05,0.0,0.0,0.0,1.0,1.5258556235409006e-05,1.5258556235409006e-05,0.0,0.0
6,o3-lto,relay,local-overflow,1,2,1024,,1,1345.647,1336.461,2464.562,-1.790064619530074,1.0,1.5258556235409006e-05,0.9999847414437646,0.7343637944977647,0.0,0.015624761585058822,0.9843599798587058,0.25001144391717656,0.7343637944977647,0.25731593276644166,0.25001144391717656,0.0,0.0,0.0,0.0,0.0,0.2739564782380291,1.5258556235409006e-05,1.5258556235409006e-05,0.0,0.0,0.0,1.0,1.5258556235409006e-05,1.5258556235409006e-05,0.0,0.0
7,o3,baseline,local-overflow,4,2,1024,,4,6624.552,6383.714,6835.226,0.0,1.0,1.5258556235409006e-05,0.9999847414437646,0.0,0.0,0.9999847414437646,0.0,1.5258556235409006e-05,0.0,0.4975836986304356,1.5258556235409006e-05,0.0,3.776943885569547,2.249996185360941,0.26123302213144595,1.2657146780771604,1.6105580489974038,0.12655010582898646,0.02574772375037874,2.179793747915572e-06,0.0,0.0,1.0,0.999997820206252,1.5258556235409006e-05,0.0,0.0
7,o3,relay,local-overflow,4,2,1024,,4,6717.359,6657.464,6795.753,1.4009551136439313,1.0,1.5258556235409006e-05,0.9999847414437646,0.0,0.0,0.9999847414437646,0.0,1.5258556235409006e-05,0.0,0.5003651154527758,1.5258556235409006e-05,0.0,3.81973323684113,2.304580400602495,0.2612940563563876,1.2538587798822476,1.499634884547224,0.1318862409238838,0.028962919528554208,0.0,0.0,0.0,1.0,0.999973842475025,1.5258556235409006e-05,0.0,0.0
7,o3-lto,baseline,local-overflow,4,2,1024,,4,5956.232,4336.114,6100.839,0.0,1.0,1.5258556235409006e-05,0.9999847414437646,0.0,0.0,0.9999847414437646,0.0,1.5258556235409006e-05,0.0,0.5166438151622094,1.5258556235409006e-05,0.0,3.5495935774557013,2.023421883821353,0.2654814401461334,1.260690253488215,1.627078705812856,0.10871503338354124,0.02223825581623467,0.0,0.0,0.0,1.0,0.9999411455688063,1.5258556235409006e-05,0.0,0.0
7,o3-lto,relay,local-overflow,4,2,1024,,4,6082.471,5780.886,6285.402,2.1194439706176516,1.0,1.5258556235409006e-05,0.9999847414437646,0.0,0.0,0.9999847414437646,0.0,1.5258556235409006e-05,0.0,0.5040249891555261,1.5258556235409006e-05,2.179793747915572e-06,3.7356825697152534,2.1862917130781088,0.28547886798951083,1.2639119886476342,1.4959750108444738,0.12394525230022735,0.024986975732356205,6.5393812437467166e-06,0.0,0.0,1.0,0.9999847414437646,1.5258556235409006e-05,0.0,0.0
8,o3,baseline,nested-helping,1,2,1024,,1,2925.245,2914.453,2960.519,0.0,1.0,0.5,0.5,0.0,0.0,0.49997384207589285,2.6157924107142856e-05,0.5000261579241071,0.0,0.9694039481026786,0.5000261579241071,0.0,0.0,0.0,0.0,0.0,1.9988664899553572,3.487723214285714e-05,3.487723214285714e-05,0.0,0.6787327357700893,0.6787327357700893,1.0,0.5,0.5,0.0,0.0
8,o3,relay,nested-helping,1,2,1024,,1,2851.979,2842.377,4934.725,-2.5046107249136473,1.0,0.5,0.5,0.0,0.0,0.499969482421875,3.0517578125e-05,0.500030517578125,0.0,0.969207763671875,0.500030517578125,0.0,0.0,0.0,0.0,0.0,1.030792236328125,3.0517578125e-05,3.923688616071429e-05,8.719308035714285e-06,0.715118408203125,0.715118408203125,1.0,0.5,0.5,0.0,0.0
8,o3-lto,baseline,nested-helping,1,2,1024,,1,3560.893,2755.037,5823.368,0.0,1.0,0.5,0.5,0.0,0.0,0.4999607631138393,3.923688616071429e-05,0.5000392368861607,0.0,0.9691249302455357,0.5000392368861607,0.0,0.0,0.0,0.0,0.0,1.9989275251116072,3.0517578125e-05,3.0517578125e-05,0.0,0.7180960518973214,0.7180960518973214,1.0,0.5,0.5,0.0,0.0
8,o3-lto,relay,nested-helping,1,2,1024,,1,2709.901,2706.556,2805.89,-23.898274955186803,1.0,0.5,0.5,0.0,0.0,0.499969482421875,3.0517578125e-05,0.500030517578125,0.0,0.9691205705915179,0.500030517578125,0.0,0.0,0.0,0.0,0.0,1.0308794294084822,3.0517578125e-05,3.0517578125e-05,0.0,0.7260698590959821,0.7260698590959821,1.0,0.5,0.5,0.0,0.0
9,o3,baseline,nested-helping,4,2,1024,,4,1444.154,1432.63,1483.866,0.0,1.0,0.5,0.5,0.0,0.0,0.5,0.0,0.5,0.0,0.6754368373325893,0.5,0.08531406947544642,0.18197195870535715,0.16663033621651785,0.0009242466517857143,0.014417375837053572,1.4133693150111608,0.006378173828125,0.0020839146205357145,3.487723214285714e-05,0.513946533203125,0.5134626116071429,1.0,0.5071629115513393,0.5,0.0,0.0
9,o3,relay,nested-helping,4,2,1024,,4,1516.488,1459.17,1523.511,5.008745604693132,1.0,0.5,0.5,0.0,0.0,0.5,0.0,0.5,0.0,0.6684744698660714,0.5,0.08387538364955358,0.20164271763392858,0.18655831473214285,0.0008021763392857143,0.0142822265625,1.3315255301339286,0.009255545479910714,0.004690987723214286,1.3078962053571428e-05,0.5134538922991071,0.5128043038504464,1.0,0.5066397530691964,0.5,0.0,0.0
9,o3-lto,baseline,nested-helping,4,2,1024,,4,1312.546,1238.056,1405.03,0.0,1.0,0.5,0.5,0.0,0.0,0.5,0.0,0.5,0.0,0.5831386021205357,0.5,0.13935634068080358,0.35590035574776785,0.32706996372767855,0.0020751953125,0.026755196707589284,1.24346923828125,0.013052804129464286,0.0023629324776785715,1.743861607142857e-05,0.5121721540178571,0.5110081263950893,1.0,0.5160478864397321,0.5,0.0,0.0
9,o3-lto,relay,nested-helping,4,2,1024,,4,1272.692,1233.779,1360.446,-3.036388819896596,1.0,0.5,0.5,0.0,0.0,0.5,0.0,0.5,0.0,0.5876028878348214,0.5,0.128814697265625,0.3084324428013393,0.2821132114955357,0.00164794921875,0.024671282087053572,1.4123971121651786,0.013296944754464286,0.0022452218191964285,4.359654017857143e-05,0.51287841796875,0.5121023995535714,1.0,0.514251708984375,0.5,0.0,0.0
10,o3,baseline,mixed-chaos,1,2,1024,,1,9159.268,9016.811,9368.758,0.0,1.0,0.64,0.36,0.15306361607142857,0.008494698660714286,0.13179966517857142,0.22820033482142857,0.71513671875,0.16155831473214285,0.8142327008928572,0.71513671875,0.0,0.0,0.0,0.0,0.0,1.6871554129464286,0.0006849888392857143,0.0004227120535714286,2.7901785714285714e-06,0.06018136160714286,0.06018136160714286,1.0,0.64,0.04,0.0,0.0
10,o3,relay,mixed-chaos,1,2,1024,,1,9117.46,8949.087,11229.486,-0.4564556905639283,1.0,0.64,0.36,0.13003627232142856,0.008317522321428572,0.134521484375,0.225478515625,0.7354422433035714,0.13835379464285713,0.8160407366071428,0.7354422433035714,0.0,0.0,0.0,0.0,0.0,0.9240750558035714,0.0014439174107142858,0.0006487165178571428,4.185267857142857e-06,0.041170479910714285,0.041170479910714285,1.0,0.64,0.04,0.0,0.0
10,o3-lto,baseline,mixed-chaos,1,2,1024,,1,8931.538,8760.268,13822.839,0.0,1.0,0.64,0.36,0.20304268973214284,0.032639508928571426,0.13179129464285713,0.22820870535714285,0.665166015625,0.2356821986607143,0.7678724888392857,0.665166015625,0.0,0.0,0.0,0.0,0.0,1.589921875,0.0001548549107142857,3.487723214285714e-05,0.0,0.04114815848214286,0.04114815848214286,1.0,0.64,0.04,0.0,0.0
10,o3-lto,relay,mixed-chaos,1,2,1024,,1,8824.835,8657.734,12461.451,-1.1946766615111626,1.0,0.64,0.36,0.15328683035714286,0.009709821428571429,0.13143973214285715,0.22856026785714287,0.7152734375,0.1629966517857143,0.8168136160714285,0.7152734375,0.0,0.0,0.0,0.0,0.0,0.8768889508928571,0.000166015625,4.603794642857143e-05,2.7901785714285714e-06,0.04112025669642857,0.04112025669642857,1.0,0.64,0.04,0.0,0.0
11,o3,baseline,mixed-chaos,4,2,1024,,4,3198.545,3148.271,5659.432,0.0,1.0,0.64,0.36,0.0008719308035714286,0.001040736607142857,0.12640625,0.20066545758928572,0.8727218191964285,0.0019126674107142858,0.9642982700892857,0.8727218191964285,0.28842215401785715,0.012446986607142857,0.005894252232142857,0.0005092075892857143,0.006043526785714286,1.9941224888392857,0.00024274553571428572,8.231026785714285e-05,0.0,0.414599609375,0.414599609375,1.0,0.7807352120535714,0.04,0.0,0.0
11,o3,relay,mixed-chaos,4,2,1024,,4,3108.456,3033.849,6003.315,-2.8165619054913993,1.0,0.64,0.36,0.000869140625,0.0012765066964285714,0.12112444196428572,0.20559012276785715,0.8780064174107143,0.0021456473214285714,0.9637318638392857,0.8780064174107143,0.26413783482142855,0.015831473214285713,0.008650948660714286,0.0005524553571428572,0.006628069196428572,1.0345591517857142,0.00039202008928571427,0.00018694196428571428,0.0,0.4080691964285714,0.4080691964285714,1.0,0.7841183035714285,0.04,0.0,0.0
11,o3-lto,baseline,mixed-chaos,4,2,1024,,4,3541.106,3152.34,4626.709,0.0,1.0,0.64,0.36,0.0029854910714285712,0.0013978794642857144,0.12079241071428572,0.20498465401785715,0.8762220982142858,0.004383370535714286,0.9625823102678571,0.8762220982142858,0.2951618303571429,0.012748325892857144,0.005612444196428572,0.0005064174107142857,0.006629464285714285,1.990142299107143,0.0002455357142857143,8.091517857142857e-05,0.0,0.39993861607142855,0.39993861607142855,1.0,0.7886537388392857,0.04,0.0,0.0
11,o3-lto,relay,mixed-chaos,4,2,1024,,4,3297.169,3004.403,4046.883,-6.888723466623148,1.0,0.64,0.36,0.009188058035714286,0.0017117745535714286,0.11910295758928571,0.2070619419642857,0.871708984375,0.010899832589285714,0.9565904017857143,0.871708984375,0.28263392857142855,0.010906808035714286,0.00474609375,0.00041434151785714284,0.005746372767857143,1.0250711495535714,0.00014369419642857142,7.672991071428571e-05,0.0,0.4094294084821429,0.4094294084821429,1.0,0.78587890625,0.04,0.0,0.0
12,o3,baseline,idle-burst,1,2,1024,,1,40.085,35.317,40.496,0.0,1.0,1.0,0.0,0.0,0.0,0.0,0.0,1.0,0.0,0.916015625,1.0,0.0,0.0,0.0,0.0,0.0,1.93603515625,0.019287109375,0.0185546875,0.00048828125,0.0,0.0,1.0,1.0,0.0,0.0,0.0
12,o3,relay,idle-burst,1,2,1024,,1,40.195,29.876,41.177,0.2744168641636513,1.0,1.0,0.0,0.0,0.0,0.0,0.0,1.0,0.0,0.905517578125,1.0,0.0,0.0,0.0,0.0,0.0,1.094482421875,0.01904296875,0.018798828125,0.00048828125,0.0,0.0,1.0,1.0,0.0,0.0,0.0
12,o3-lto,baseline,idle-burst,1,2,1024,,1,38.141,30.457,39.153,0.0,1.0,1.0,0.0,0.0,0.0,0.0,0.0,1.0,0.0,0.92626953125,1.0,0.0,0.0,0.0,0.0,0.0,1.9462890625,0.0166015625,0.0166015625,0.000244140625,0.0,0.0,1.0,1.0,0.0,0.0,0.0
12,o3-lto,relay,idle-burst,1,2,1024,,1,38.091,30.908,38.592,-0.13109252510421499,1.0,1.0,0.0,0.0,0.0,0.0,0.0,1.0,0.0,0.90673828125,1.0,0.0,0.0,0.0,0.0,0.0,1.09326171875,0.016845703125,0.016845703125,0.000244140625,0.0,0.0,1.0,1.0,0.0,0.0,0.0
13,o3,baseline,idle-burst,4,2,1024,,4,69.68,59.511,79.74,0.0,1.0,1.0,0.0,0.0,0.0,0.0,0.0,1.0,0.0,0.3994140625,1.0,0.56103515625,5.27978515625,5.144287109375,0.007080078125,0.128173828125,1.465576171875,0.37890625,0.31982421875,0.00146484375,0.0,0.0,1.0,1.0,0.0,0.0,0.0
13,o3,relay,idle-burst,4,2,1024,,4,65.923,54.012,68.017,-5.391791044776129,1.0,1.0,0.0,0.0,0.0,0.0,0.0,1.0,0.0,0.366455078125,1.0,0.6015625,5.315185546875,5.15625,0.013427734375,0.1455078125,1.633544921875,0.387451171875,0.297607421875,0.00341796875,0.0,0.0,1.0,1.0,0.0,0.0,0.0
13,o3-lto,baseline,idle-burst,4,2,1024,,4,68.008,66.153,77.044,0.0,1.0,1.0,0.0,0.0,0.0,0.0,0.0,1.0,0.0,0.37744140625,1.0,0.542236328125,6.17236328125,6.054443359375,0.006591796875,0.111083984375,1.42822265625,0.450439453125,0.395263671875,0.00244140625,0.0,0.0,1.0,1.0,0.0,0.0,0.0
13,o3-lto,relay,idle-burst,4,2,1024,,4,60.032,38.352,66.164,-11.728031996235732,1.0,1.0,0.0,0.0,0.0,0.0,0.0,1.0,0.0,0.406494140625,1.0,0.57958984375,5.34228515625,5.190673828125,0.0068359375,0.144775390625,1.593505859375,0.387939453125,0.314453125,0.00146484375,0.0,0.0,1.0,1.0,0.0,0.0,0.0
14,o3,baseline,external-contention,4,2,32,,4,10135.465,5026.794,11803.573,0.0,1.0,1.0,0.0,0.0,0.0,0.0,0.0,1.0,0.0,0.8721923828125,1.0,0.5648193359375,0.30857413155691965,0.24854169573102677,0.0015160696847098215,0.05851636614118304,1.9051895141601562,0.016099112374441966,0.011730739048549108,3.269740513392857e-06,0.0,0.0,1.0,1.0,0.0,0.0,0.0
14,o3,relay,external-contention,4,2,32,,4,8550.429,5116.003,9189.458,-15.638512885200628,1.0,1.0,0.0,0.0,0.0,0.0,0.0,1.0,0.0,0.8786501203264508,1.0,0.5546853201729911,0.22156306675502233,0.1640505109514509,0.00136566162109375,0.05614689418247768,1.121349879673549,0.010151454380580358,0.005902971540178571,0.0,0.0,0.0,1.0,1.0,0.0,0.0,0.0
14,o3-lto,baseline,external-contention,4,2,32,,4,8295.891,8067.763,9938.431,0.0,1.0,1.0,0.0,0.0,0.00026920863560267856,0.0,0.0,1.0,0.00026920863560267856,0.8881607055664062,1.0,0.56500244140625,0.20669664655412948,0.15309688023158483,0.0011869158063616072,0.05241285051618304,1.9212897164481026,0.009141104561941964,0.006314958844866071,0.0,0.0,0.0,1.0,1.0,0.0,0.0,0.0
14,o3-lto,relay,external-contention,4,2,32,,4,7589.445,6653.291,7841.77,-8.515613331949512,1.0,1.0,0.0,0.0,0.0,0.0,0.0,1.0,0.0,0.8660954066685268,1.0,0.5368946620396206,0.33955601283482145,0.28242056710379465,0.0018637520926339285,0.055271693638392856,1.1339045933314733,0.019522530691964284,0.011774335588727678,0.0,0.0,0.0,1.0,1.0,0.0,0.0,0.0
15,o3,baseline,external-batch,4,2,32,,4,3854.825,3819.248,4622.621,0.0,1.0,1.0,0.0,0.0,0.0,0.0,0.0,1.0,0.0,0.9292809622628349,1.0,0.3802740914481027,0.04321398053850446,0.0131988525390625,0.00028555733816964287,0.029729570661272322,1.022446768624442,4.686628069196429e-05,4.57763671875e-05,0.0,0.0,0.0,1.0,1.0,0.0,0.0625,1.0
15,o3,relay,external-batch,4,2,32,,4,3899.679,3460.756,4317.168,1.1635807072954085,1.0,1.0,0.0,0.0,0.0,0.0,0.0,1.0,0.0,0.9265703473772321,1.0,0.40485382080078125,0.05471910749162946,0.01656341552734375,0.00040871756417410713,0.037746974400111606,0.13592965262276785,6.430489676339286e-05,5.885532924107143e-05,3.269740513392857e-06,0.0,0.0,1.0,1.0,0.0,0.0625,1.0
15,o3-lto,baseline,external-batch,4,2,32,,4,3514.716,3347.525,5134.67,0.0,1.0,1.0,0.0,0.0,0.00014931815011160715,0.0,0.0,1.0,0.00014931815011160715,0.9313321794782367,1.0,0.30416652134486605,0.03209904261997768,0.009547642299107142,0.00014168875558035715,0.022409711565290178,1.0242047991071428,2.9427664620535715e-05,3.0517578125e-05,1.0899135044642857e-06,0.0,0.0,1.0,1.0,0.0,0.0625,1.0
15,o3-lto,relay,external-batch,4,2,32,,4,3467.717,3348.115,3636.547,-1.3372061924775691,1.0,1.0,0.0,0.0,6.648472377232142e-05,0.0,0.0,1.0,6.648472377232142e-05,0.9297997610909599,1.0,0.35076904296875,0.040478297642299106,0.012282235281808036,0.00020817347935267856,0.027987888881138394,0.13275255475725448,4.686628069196429e-05,4.141671316964286e-05,1.0899135044642857e-06,0.0,0.0,1.0,1.0,0.0,0.0625,1.0
16,o3,baseline,external-contention,4,2,1024,64,4,6669.884,6665.644,7155.338,0.0,1.0,1.0,0.0,0.0,0.021256583077566966,0.0,0.0,1.0,0.021256583077566966,0.9654878888811383,1.0,0.38026537214006695,0.01065826416015625,0.00386810302734375,0.00012425013950892856,0.006665910993303571,1.9987923758370536,6.539481026785714e-05,4.904610770089286e-05,0.0,0.0,0.0,1.0,1.0,0.0,0.0,0.0
16,o3,relay,external-contention,4,2,1024,64,4,6529.575,6393.27,8885.567,-2.103619793087863,1.0,1.0,0.0,0.0,0.019411359514508928,0.0,0.0,1.0,0.019411359514508928,0.9661026000976562,1.0,0.3240541730608259,0.00846099853515625,0.0030768258231026785,9.264264787946428e-05,0.005291530064174107,1.0355780465262276,5.122593470982143e-05,4.359654017857143e-05,0.0,0.0,0.0,1.0,1.0,0.0,0.0,0.0
16,o3-lto,baseline,external-contention,4,2,1024,64,4,6819.16,6471.356,9045.749,0.0,1.0,1.0,0.0,0.0,0.029268537248883928,0.0,0.0,1.0,0.029268537248883928,0.9663652692522321,1.0,0.30662100655691965,0.0084686279296875,0.0033809116908482145,0.00014931815011160715,0.004938398088727679,2.000940595354353,6.648472377232142e-05,4.686628069196429e-05,5.449567522321429e-06,0.0,0.0,1.0,1.0,0.0,0.0,0.0
16,o3-lto,relay,external-contention,4,2,1024,64,4,6467.871,6369.779,6525.22,-5.151499598190979,1.0,1.0,0.0,0.0,0.021505083356584822,0.0,0.0,1.0,0.021505083356584822,0.9655859810965401,1.0,0.3224705287388393,0.009265354701450892,0.0034735543387276785,0.00010463169642857142,0.005687168666294643,1.0365535191127233,4.359654017857143e-05,3.705705915178571e-05,0.0,0.0,0.0,1.0,1.0,0.0,0.0,0.0
17,o3,baseline,external-batch,4,2,1024,64,4,6481.389,6390.586,8854.891,0.0,1.0,1.0,0.0,0.0,0.042576381138392856,0.0,0.0,1.0,0.042576381138392856,0.9670519147600446,1.0,0.2724097115652902,0.006494794573102679,0.0024010794503348215,8.719308035714286e-05,0.004006522042410714,1.0645479474748885,4.795619419642857e-05,3.269740513392857e-05,0.0,0.0,0.0,1.0,1.0,0.0,0.0625,1.0
17,o3,relay,external-batch,4,2,1024,64,4,6235.457,6203.015,10107.495,-3.7944335697178477,1.0,1.0,0.0,0.0,0.03656223842075893,0.0,0.0,1.0,0.03656223842075893,0.9667249407087054,1.0,0.3009120396205357,0.007684980119977679,0.002955845424107143,0.00014168875558035715,0.004587445940290179,0.09980882917131696,3.923688616071429e-05,3.596714564732143e-05,3.269740513392857e-06,0.0,0.0,1.0,1.0,0.0,0.0625,1.0
17,o3-lto,baseline,external-batch,4,2,1024,64,4,6396.852,6248.048,9215.476,0.0,1.0,1.0,0.0,0.0,0.04309626988002232,0.0,0.0,1.0,0.04309626988002232,0.966688973563058,1.0,0.2666571480887277,0.008292061941964286,0.003062656947544643,0.00014386858258928572,0.005085536411830357,1.064375741141183,4.57763671875e-05,3.0517578125e-05,0.0,0.0,0.0,1.0,1.0,0.0,0.0625,1.0
17,o3-lto,relay,external-batch,4,2,1024,64,4,6273.091,6209.367,6959.11,-1.9347172640542531,1.0,1.0,0.0,0.0,0.051300048828125,0.0,0.0,1.0,0.051300048828125,0.9666998726981026,1.0,0.2687443324497768,0.009243556431361608,0.0037373134068080355,0.00015149797712053572,0.005354745047433036,0.10091182163783483,4.032679966517857e-05,4.250662667410714e-05,7.62939453125e-06,0.0,0.0,1.0,1.0,0.0,0.0625,1.0
18,o3,baseline,external-contention,4,4,1024,,1,7485.264,7384.766,7954.422,0.0,1.0,1.0,0.0,0.0,0.003262111118861607,0.0,0.0,1.0,0.003262111118861607,0.9669483729771206,1.0,0.0,0.006567818777901786,0.003750392368861607,0.00015912737165178572,0.002658299037388393,1.997023446219308,9.700230189732142e-05,5.449567522321429e-05,1.0899135044642857e-06,0.0,0.0,1.0,1.0,0.0,0.0,0.0
18,o3,relay,external-contention,4,4,1024,,1,7534.136,7322.211,7630.554,0.6529095032586696,1.0,1.0,0.0,0.0,0.0,0.0,0.0,1.0,0.0,0.966688973563058,1.0,0.0,0.010672433035714286,0.006334577287946429,0.0002833775111607143,0.004054478236607143,1.033311026436942,0.00019618443080357144,0.00010354178292410714,1.0899135044642857e-06,0.0,0.0,1.0,1.0,0.0,0.0,0.0
18,o3-lto,baseline,external-contention,4,4,1024,,1,7540.462,7443.187,8370.682,0.0,1.0,1.0,0.0,0.0,0.0014299665178571428,0.0,0.0,1.0,0.0014299665178571428,0.9635914393833706,1.0,0.0,0.030179704938616072,0.024301801409040178,0.0003956386021205357,0.005482264927455357,1.99365234375,0.0015683855329241072,0.0011989048549107143,1.0899135044642857e-06,0.0,0.0,1.0,1.0,0.0,0.0,0.0
18,o3-lto,relay,external-contention,4,4,1024,,1,7514.889,7386.17,7558.411,-0.33914367581191485,1.0,1.0,0.0,0.0,0.0038909912109375,0.0,0.0,1.0,0.0038909912109375,0.9671816144670758,1.0,0.0,0.006791251046316964,0.003991263253348214,0.00023215157645089285,0.002567836216517857,1.0329077584402901,0.00010463169642857142,5.231584821428571e-05,0.0,0.0,0.0,1.0,1.0,0.0,0.0,0.0
