case,profile,variant,scenario,workers,producers,central_batch,iterations,shards,median_us,min_us,max_us,change_pct
0,o3,baseline,external-contention,1,2,1024,,1,8239.703,7747.059,9978.038,0.0
0,o3,wake,external-contention,1,2,1024,,1,8160.646,7915.973,9920.593,-0.9594641942798132
0,o3,local_batch,external-contention,1,2,1024,,1,7791.309,7692.386,8067.498,-5.44187090238567
0,o3,local_batch_wake,external-contention,1,2,1024,,1,8024.705,7916.906,8683.351,-2.6092930776752454
1,o3,baseline,external-contention,4,2,1024,,4,4216.668,3714.13,5625.815,0.0
1,o3,wake,external-contention,4,2,1024,,4,4187.516,4015.399,6631.041,-0.6913515600469378
1,o3,local_batch,external-contention,4,2,1024,,4,4402.769,4149.059,7055.469,4.413461055032086
1,o3,local_batch_wake,external-contention,4,2,1024,,4,4177.843,3952.668,4940.002,-0.9207506969958201
2,o3,baseline,external-batch,1,2,1024,,1,4964.299,3817.621,6013.831,0.0
2,o3,wake,external-batch,1,2,1024,,1,4107.358,3805.556,4910.128,-17.262074665526793
2,o3,local_batch,external-batch,1,2,1024,,1,4028.683,3949.645,4594.245,-18.84689056803388
2,o3,local_batch_wake,external-batch,1,2,1024,,1,3963.786,3921.374,4226.205,-20.154164767271265
3,o3,baseline,external-batch,4,2,1024,,4,2922.822,2775.684,3436.028,0.0
3,o3,wake,external-batch,4,2,1024,,4,2934.884,2716.08,3323.469,0.41268335875397355
3,o3,local_batch,external-batch,4,2,1024,,4,2993.181,2781.907,3289.408,2.4072283567045716
3,o3,local_batch_wake,external-batch,4,2,1024,,4,3205.323,2659.184,3401.761,9.665350815068452
4,o3,baseline,hot-shard-skew,1,2,1024,,1,14302.388,14106.342,15192.74,0.0
4,o3,wake,hot-shard-skew,1,2,1024,,1,13894.234,13774.649,15792.621,-2.8537472203942427
4,o3,local_batch,hot-shard-skew,1,2,1024,,1,15289.732,14328.216,20671.083,6.903350685214238
4,o3,local_batch_wake,hot-shard-skew,1,2,1024,,1,13809.077,13776.245,13964.702,-3.449151288582031
5,o3,baseline,hot-shard-skew,4,2,1024,,4,4230.337,4143.062,4934.383,0.0
5,o3,wake,hot-shard-skew,4,2,1024,,4,4176.934,4088.018,5071.535,-1.2623816967773593
5,o3,local_batch,hot-shard-skew,4,2,1024,,4,4472.764,4146.964,4555.273,5.7306781941958596
5,o3,local_batch_wake,hot-shard-skew,4,2,1024,,4,4130.15,4006.342,5585.314,-2.3682983176045003
6,o3,baseline,local-overflow,1,2,1024,,1,1864.268,1858.213,1878.976,0.0
6,o3,wake,local-overflow,1,2,1024,,1,1818.76,1800.396,2057.594,-2.44106534039098
6,o3,local_batch,local-overflow,1,2,1024,,1,1880.347,1871.641,2094.673,0.8624832910289593
6,o3,local_batch_wake,local-overflow,1,2,1024,,1,1801.008,1786.007,2243.422,-3.3932889477264028
7,o3,baseline,local-overflow,4,2,1024,,4,6627.793,6468.832,6814.673,0.0
7,o3,wake,local-overflow,4,2,1024,,4,6772.724,6574.725,7435.484,2.1867158494539574
7,o3,local_batch,local-overflow,4,2,1024,,4,6449.686,5677.862,7053.57,-2.687274632747283
7,o3,local_batch_wake,local-overflow,4,2,1024,,4,6939.691,4631.264,6987.947,4.7059103988311035
8,o3,baseline,nested-helping,1,2,1024,,1,2945.813,2931.828,4969.151,0.0
8,o3,wake,nested-helping,1,2,1024,,1,2925.08,2873.498,3660.029,-0.7038124959052094
8,o3,local_batch,nested-helping,1,2,1024,,1,3250.36,3018.266,4773.92,10.338300496331577
8,o3,local_batch_wake,nested-helping,1,2,1024,,1,2869.575,2852.974,6652.542,-2.58801220579854
9,o3,baseline,nested-helping,4,2,1024,,4,1459.874,1398.827,1497.966,0.0
9,o3,wake,nested-helping,4,2,1024,,4,1501.811,1425.206,1550.957,2.8726451734875758
9,o3,local_batch,nested-helping,4,2,1024,,4,1475.956,1436.029,1545.186,1.1016019190697168
9,o3,local_batch_wake,nested-helping,4,2,1024,,4,1495.413,1401.935,1778.544,2.4343881732258987
10,o3,baseline,mixed-chaos,1,2,1024,,1,9394.609,9253.804,10454.919,0.0
10,o3,wake,mixed-chaos,1,2,1024,,1,9508.791,9014.509,10637.174,1.2153991720144974
10,o3,local_batch,mixed-chaos,1,2,1024,,1,9919.399,9594.995,11066.964,5.58607601444614
10,o3,local_batch_wake,mixed-chaos,1,2,1024,,1,9323.451,9120.734,13743.834,-0.75743439668432
11,o3,baseline,mixed-chaos,4,2,1024,,4,3571.918,3308.571,5014.869,0.0
11,o3,wake,mixed-chaos,4,2,1024,,4,3214.796,3113.343,3319.269,-9.99804586779428
11,o3,local_batch,mixed-chaos,4,2,1024,,4,3864.654,3449.435,4377.996,8.19548489075057
11,o3,local_batch_wake,mixed-chaos,4,2,1024,,4,3441.873,3221.598,3800.477,-3.6407610701029602
12,o3,baseline,idle-burst,1,2,1024,,1,31.109,29.646,37.781,0.0
12,o3,wake,idle-burst,1,2,1024,,1,32.511,29.356,32.551,4.506734385547584
12,o3,local_batch,idle-burst,1,2,1024,,1,32.691,30.568,40.065,5.085345076987369
12,o3,local_batch_wake,idle-burst,1,2,1024,,1,30.688,30.357,33.092,-1.3533061172008143
13,o3,baseline,idle-burst,4,2,1024,,4,63.429,39.765,79.109,0.0
13,o3,wake,idle-burst,4,2,1024,,4,57.819,45.024,62.037,-8.844534834224094
13,o3,local_batch,idle-burst,4,2,1024,,4,51.577,47.129,55.485,-18.68545933248199
13,o3,local_batch_wake,idle-burst,4,2,1024,,4,50.736,41.969,61.355,-20.011351274653556
14,o3,baseline,external-contention,4,2,32,,4,10089.105,9780.528,11194.802,0.0
14,o3,wake,external-contention,4,2,32,,4,10940.986,5303.021,11165.509,8.443573537989746
14,o3,local_batch,external-contention,4,2,32,,4,5626.597,4997.55,9597.494,-44.23096003064691
14,o3,local_batch_wake,external-contention,4,2,32,,4,9042.27,5324.248,10272.729,-10.375895582412898
15,o3,baseline,external-batch,4,2,32,,4,3995.922,3789.941,6940.908,0.0
15,o3,wake,external-batch,4,2,32,,4,4042.813,3605.521,5219.944,1.1734713540454411
15,o3,local_batch,external-batch,4,2,32,,4,4730.378,3936.807,7178.192,18.380138551253
15,o3,local_batch_wake,external-batch,4,2,32,,4,3939.98,3466.892,4998.788,-1.3999772768337304
16,o3,baseline,external-contention,4,2,1024,64,4,8504.545,6775.118,10858.529,0.0
16,o3,wake,external-contention,4,2,1024,64,4,7454.59,6701.433,7517.977,-12.345810387269395
16,o3,local_batch,external-contention,4,2,1024,64,4,7379.274,6661.756,8702.123,-13.231407441550369
16,o3,local_batch_wake,external-contention,4,2,1024,64,4,6659.196,6473.974,7800.065,-21.698385980672686
17,o3,baseline,external-batch,4,2,1024,64,4,6625.84,6524.259,9099.064,0.0
17,o3,wake,external-batch,4,2,1024,64,4,6585.205,6517.377,9180.159,-0.6132807311978627
17,o3,local_batch,external-batch,4,2,1024,64,4,7954.722,6905.831,10174.535,20.056053270226858
17,o3,local_batch_wake,external-batch,4,2,1024,64,4,7571.271,6495.877,8573.448,14.268847421609943
18,o3,baseline,external-contention,4,4,1024,,1,7814.917,7732.027,9325.876,0.0
18,o3,wake,external-contention,4,4,1024,,1,7941.93,7463.741,8037.122,1.6252635824539174
18,o3,local_batch,external-contention,4,4,1024,,1,8349.906,7692.402,8536.188,6.845741291942065
18,o3,local_batch_wake,external-contention,4,4,1024,,1,7792.861,7498.901,7914.108,-0.282229484970864
