case,profile,scenario,workers,tasks,iterations,baseline_us,candidate_us,change_percent,baseline_min_us,baseline_max_us,candidate_min_us,candidate_max_us
0,o3,deep_dag,1,4096,0,50.494,54.071,7.084009981383921,48.981,57.627,50.403,64.189
0,o3-lto,deep_dag,1,4096,0,48.61,50.003,2.8656655009257292,48.269,53.389,49.392,53.931
1,o3,deep_dag,1,4096,128,1073.235,1067.014,-0.5796493778156719,1069.428,1075.489,1057.757,1079.877
1,o3-lto,deep_dag,1,4096,128,1072.724,1071.753,-0.09051722530678541,1066.884,1078.735,1067.825,1082.432
2,o3,deep_dag,4,4096,0,119.953,123.871,3.2662792927229845,114.223,152.504,113.822,174.214
2,o3-lto,deep_dag,4,4096,0,120.564,121.055,0.40725257954281613,115.034,178.121,116.827,180.476
3,o3,deep_dag,4,4096,128,1456.228,1561.493,7.228607058784742,1361.141,1606.958,1393.08,1639.678
3,o3-lto,deep_dag,4,4096,128,1493.737,1441.359,-3.5065075043331007,1383.111,1588.613,1281.252,1501.251
4,o3,fanout_fanin,1,4096,0,215.33,215.09,-0.11145683369712112,213.567,216.983,214.699,216.593
4,o3-lto,fanout_fanin,1,4096,0,209.519,207.716,-0.8605424806342077,205.331,238.783,206.083,226.922
5,o3,fanout_fanin,1,4096,128,1247.539,1243.091,-0.35654195981048575,1240.456,1253.721,1240.045,1252.218
5,o3-lto,fanout_fanin,1,4096,128,1242.831,1238.883,-0.3176618542665821,1228.564,1260.243,1235.707,1396.646
6,o3,fanout_fanin,4,4096,0,581.692,587.883,1.06430894700289,581.01,584.196,578.435,592.471
6,o3-lto,fanout_fanin,4,4096,0,577.834,572.624,-0.90164303242799,575.019,629.37,568.757,591.69
7,o3,fanout_fanin,4,4096,128,454.234,453.323,-0.20055742194551307,449.345,473.219,449.275,460.195
7,o3-lto,fanout_fanin,4,4096,128,453.252,445.568,-1.6953041575106131,443.124,768.529,438.896,688.94
8,o3,graph_reuse,1,4096,0,393.862,385.837,-2.0375156780801484,391.979,397.449,372.062,393.822
8,o3-lto,graph_reuse,1,4096,0,388.061,379.666,-2.1633196842764324,381.44,404.402,377.402,388.402
9,o3,graph_reuse,1,4096,128,1175.996,1188.699,1.0801907489481177,1167.831,1186.366,1184.933,1206.182
9,o3-lto,graph_reuse,1,4096,128,1164.886,1190.834,2.2275141086767425,1160.517,1203.688,1187.638,1196.374
10,o3,graph_reuse,4,4096,0,1036.397,1048.89,1.2054261060192362,1019.085,1050.042,925.03,1072.985
10,o3-lto,graph_reuse,4,4096,0,1044.142,1050.332,0.5928312432600169,1037.85,1062.866,1035.465,1060.351
11,o3,graph_reuse,4,4096,128,395.285,403.651,2.116447626396134,388.312,408.179,385.677,428.096
11,o3-lto,graph_reuse,4,4096,128,386.358,388.512,0.5575140154985725,380.548,392.61,359.168,400.975
12,o3,dag_build_run,1,4096,0,216.964,217.043,0.03641157058313915,214.889,221.332,214.82,231.791
12,o3-lto,dag_build_run,1,4096,0,213.908,211.473,-1.1383398470370287,212.094,221.922,208.718,220.23
13,o3,dag_build_run,1,4096,128,1294.717,1287.794,-0.5347114465941161,1279.568,1341.534,1262.607,1310.116
13,o3-lto,dag_build_run,1,4096,128,1282.985,1267.947,-1.1721103520306198,1276.093,1335.002,1258.129,1333.128
14,o3,dag_build_run,4,4096,0,297.694,297.443,-0.08431476616930222,292.013,381.208,293.656,351.413
14,o3-lto,dag_build_run,4,4096,0,295.249,291.352,-1.319902861652389,292.264,309.566,282.385,299.867
15,o3,dag_build_run,4,4096,128,1698.728,1702.605,0.22822959296602274,1623.247,1875.397,1616.195,1850.86
15,o3-lto,dag_build_run,4,4096,128,1664.354,1743.561,4.759023621176728,1597.79,1762.366,1694.36,1797.862
16,o3,graph_tokens_serial,1,4096,0,28.382,33.442,17.828200972447327,27.481,48.73,27,47.679
16,o3-lto,graph_tokens_serial,1,4096,0,29.885,27.681,-7.374937259494729,27.772,49.813,27.592,35.616
17,o3,graph_tokens_serial,1,4096,128,1035.184,1041.256,0.5865623889086402,1033.602,1044.332,1036.757,1048.449
17,o3-lto,graph_tokens_serial,1,4096,128,1045.063,1037.519,-0.7218703561412187,1032.8,1075.089,1032.319,1065.09
18,o3,graph_tokens_serial,4,4096,0,79.678,78.927,-0.942543738547641,77.334,88.124,77.635,89.456
18,o3-lto,graph_tokens_serial,4,4096,0,77.043,77.744,0.9098814947496869,74.97,78.366,77.684,82.373
19,o3,graph_tokens_serial,4,4096,128,1248.821,1174.994,-5.911735949347429,1180.865,1342.366,1162.08,1283.897
19,o3-lto,graph_tokens_serial,4,4096,128,1179.452,1183.951,0.38144833363291664,1136.773,1363.575,1147.864,1405.874
20,o3,graph_tokens_parallel,1,4096,0,27.631,27.451,-0.6514422206941428,27.481,27.751,27.351,30.567
20,o3-lto,graph_tokens_parallel,1,4096,0,28.784,30.317,5.325875486381326,27.651,31.619,27.501,49.272
21,o3,graph_tokens_parallel,1,4096,128,1043.36,1039.062,-0.41193835301334136,1038.811,1044.823,1027.39,1042.368
21,o3-lto,graph_tokens_parallel,1,4096,128,1040.475,1036.467,-0.38520867872844367,1036.738,1050.954,1030.846,1043.129
22,o3,graph_tokens_parallel,4,4096,0,230.388,219.989,-4.513689949129295,223.205,237.682,214.158,229.387
22,o3-lto,graph_tokens_parallel,4,4096,0,343.479,349.009,1.6099965354505086,338.89,347.065,343.699,358.346
23,o3,graph_tokens_parallel,4,4096,128,306.72,304.476,-0.731611893583739,301.531,310.006,301.42,322.069
23,o3-lto,graph_tokens_parallel,4,4096,128,373.825,374.255,0.11502708486590407,366,383.814,370.048,382.711
24,o3,deep_dag,1,64,0,9.307,13.746,47.69528312023208,8.456,13.706,8.335,15.459
24,o3-lto,deep_dag,1,64,0,13.666,13.375,-2.129372164495835,9.678,13.745,10.56,14.828
25,o3,deep_dag,1,65,0,13.294,11.321,-14.841281781254711,8.476,13.966,8.466,14.017
25,o3-lto,deep_dag,1,65,0,13.755,13.725,-0.21810250817885235,13.585,15.168,8.426,14.317
26,o3,graph_tokens_serial,1,64,0,13.045,12.864,-1.3875047911076965,8.876,14.306,8.135,14.677
26,o3-lto,graph_tokens_serial,1,64,0,12.995,8.156,-37.23739899961522,8.125,13.235,7.985,13.094
27,o3,graph_tokens_serial,1,65,0,8.917,12.854,44.15162050016821,8.035,13.214,8.246,14.577
27,o3-lto,graph_tokens_serial,1,65,0,13.224,9.578,-27.57108287961283,8.215,13.305,7.945,13.204
