profile,workers,scenario,time_us,min_trial_us,max_trial_us,cycles:u,instructions:u,branches:u,branch-misses:u,cache-references:u,cache-misses:u,page-faults,ipc,branch_miss_pct,cache_miss_pct,min_counter_running_pct,p99_us,paired_time_change_pct,min_paired_change_pct,max_paired_change_pct
o3,1,external-contention,8966.0,8191.000000000001,15367.0,770719945.0,650160584.0,133220974.0,656288.0,18591734.0,6082869.0,233.0,0.8429561855960533,0.4930169405310786,32.62094322769461,100.0,,,,
o3,1,hot-shard-skew,27551.0,13860.0,28185.0,635839314.0,804498051.0,94137174.0,305615.0,7087685.0,696980.0,227.0,1.2652537099962964,0.32532719619223205,9.833676299101892,100.0,,,,
o3,1,local-overflow,3333.0,1630.0,3468.0,68737073.0,213628132.0,41398590.0,59497.0,1553197.0,152479.0,226.0,3.1081217118453677,0.14370537740536574,9.843374665287147,100.0,,,,
o3,1,nested-helping,6217.0,2883.0,6364.0,133526166.0,283280857.0,49016094.0,54392.0,2028191.0,242516.0,228.0,2.1209766481275287,0.110967634426358,11.957256491129288,100.0,,,,
o3,1,mixed-chaos,17164.0,16773.0,19254.0,547720890.0,705405476.0,113378774.0,548684.0,13059629.0,3202081.0,234.0,1.2879531196993417,0.48523407858953665,24.221040276105853,100.0,,,,
o3,1,idle-burst,36.75,35.92,61.98,16345231.0,13947683.0,2472222.0,106352.0,1393137.0,587208.0,226.0,0.8500045670813707,4.305548521527743,41.17513005540195,100.0,140.83,,,
o3,4,external-contention,4603.0,3049.0,4995.0,877947575.0,623025121.0,125451468.0,567539.0,20339441.0,6239648.0,321.0,0.7065872059615861,0.4523972569216966,30.88133253676327,100.0,,,,
o3,4,hot-shard-skew,4886.0,4315.0,8647.0,717240034.0,806672770.0,93703530.0,275075.0,8133615.0,1917605.0,234.0,1.1248833427499392,0.2935321646900602,23.873223752002968,100.0,,,,
o3,4,local-overflow,17572.0,8394.0,17997.0,773583661.0,444976776.0,79037511.0,1063506.0,19059830.0,8375873.0,235.0,0.5752148066632964,1.343026596653546,43.94516110584407,100.0,,,,
o3,4,nested-helping,3802.0,2142.0,3929.0,227142487.0,278700280.0,46539595.0,193726.0,4662055.0,1637817.0,237.0,1.22846449682485,0.41626060561979533,36.04927440795958,100.0,,,,
o3,4,mixed-chaos,5539.0,4187.0,5768.0,733806598.0,714785967.0,113982947.0,639466.0,15742939.0,4548897.0,485.0,0.9782112362824932,0.5610836419961962,29.6372285899077,100.0,,,,
o3,4,idle-burst,53.08,48.59,60.28,52410818.0,34865219.0,5685293.0,321972.0,4771650.0,1677343.0,234.0,0.6540083575875499,5.6632437413515895,35.15226389194513,100.0,239.44,,,
o3-lto,1,external-contention,8572.0,7846.0,15001.0,764012606.0,547347702.0,104721259.0,494008.0,18681554.0,6090437.0,235.0,0.7164118729213743,0.4721415795481596,32.60134033817529,100.0,,-4.211939934073994,-36.60637948043407,0.012162490878142584
o3-lto,1,hot-shard-skew,27405.0,13841.0,29848.0,623199844.0,756528669.0,80806103.0,285823.0,7141723.0,674896.0,226.0,1.2148093461332767,0.3546058639745588,9.598497681854493,100.0,,-0.7148473800843491,-2.7496895511797015,8.337265435011432
o3-lto,1,local-overflow,2846.0,1406.0,3053.0,64115480.0,178285697.0,32347577.0,58962.0,1657771.0,142905.0,227.0,2.780696596204224,0.18227640357730657,9.180580429987012,100.0,,-13.742331288343557,-17.935409457900807,-8.400840084008399
o3-lto,1,nested-helping,5530.0,2738.0,6295.0,126326564.0,252331532.0,40886143.0,51770.0,1980216.0,253712.0,226.0,1.9974542488149998,0.12661991619018698,12.555616003293585,100.0,,-6.122803965907108,-11.050345825961072,-1.0842237586423664
o3-lto,1,mixed-chaos,16722.0,16508.0,18129.0,532501772.0,633563233.0,93219695.0,510247.0,13083926.0,3116446.0,235.0,1.1884936431723274,0.5473596539872824,23.69520706806858,100.0,,-1.2043164609789492,-12.786953360340714,0.27101769911503926
o3-lto,1,idle-burst,43.38,39.45,46.8,15851718.0,12855696.0,2182463.0,100267.0,1333762.0,529709.0,226.0,0.8209503853147022,4.528241727819555,40.28799686037332,100.0,204.93,19.70198675496688,-35.65666343981929,30.289532293986632
o3-lto,4,external-contention,4476.0,3153.0,4734.0,840471892.0,530353751.0,99500030.0,517698.0,20428506.0,6269709.0,319.0,0.6323220098834668,0.5186077572860639,30.69098151377296,100.0,,1.894102453723634,-26.466466466466464,3.4109544112823853
o3-lto,4,hot-shard-skew,5508.0,4322.0,7974.0,701754693.0,758412553.0,80389004.0,278088.0,8122932.0,1808208.0,234.0,1.082362749514238,0.3449746866226863,22.179253498840875,100.0,,-2.261420171867934,-7.783046143171046,12.730249693000406
o3-lto,4,local-overflow,14074.0,6808.0,14824.0,744173186.0,395676382.0,67264421.0,936578.0,18490376.0,8276803.0,234.0,0.531699326774722,1.3923824602608263,44.76276199034568,100.0,,-18.894448415534903,-50.3970994475138,-17.630716230482857
o3-lto,4,nested-helping,2596.0,1721.0,3864.0,232489495.0,252843060.0,39147678.0,241907.0,5212631.0,1849874.0,236.0,1.0875461706345055,0.6179344787703628,35.48829756029153,100.0,,-1.9676432006996092,-31.720147290899526,-1.3315926892950358
o3-lto,4,mixed-chaos,5554.0,3983.0,6189.0,705482431.0,645228695.0,94674661.0,604502.0,15371120.0,4573525.0,476.0,0.9145921523310054,0.6313560146508785,29.93891342925909,100.0,,4.063944530046215,-4.8722235490804895,11.734970211229466
o3-lto,4,idle-burst,50.43,42.13,56.19,46710869.0,33140503.0,5297726.0,285602.0,4423733.0,1390585.0,235.0,0.7119886594274236,5.3910300381710945,31.875305323318535,100.0,237.69,-4.992464204973624,-24.30830039525691,4.982135768161955
