point,case,profile,scenario,workers,tasks,iterations,previous_change_percent,baseline_us,candidate_us,change_percent,paired_median_percent,paired_ci_low,paired_ci_high,candidate_slower_pairs,baseline_min_us,baseline_max_us,candidate_min_us,candidate_max_us
0,2,o3,deep_dag,4,4096,0,-35.93142596899855,184.954,119.983,-35.12819403743633,-34.74439198130933,-35.90118650150623,-34.4841182913472,0,182.409,196.326,116.146,130.493
1,2,o3-lto,deep_dag,4,4096,0,-34.83199478213766,181.688,118.641,-34.700695698119844,-34.73436244214727,-35.02654597676139,-34.270788567473886,0,178.402,184.143,116.227,149.999
2,3,o3-lto,deep_dag,4,4096,128,10.91111903111235,1472.229,1518.406,3.1365365034923265,3.394543250839055,1.6945825044723417,5.837227253304644,14,1354.811,1525.428,1462.962,1571.834
3,13,o3,dag_build_run,1,4096,128,0.5029851485031767,1264.463,1269.743,0.4175685646792271,0.482198543971446,-0.6887021800587534,1.4780579579560582,9,1250.937,1304.206,1254.113,1396.358
4,13,o3-lto,dag_build_run,1,4096,128,2.151371141807923,1261.537,1263.882,0.18588436169530986,0.6005606166783473,0.19873386137094773,2.1366389333826286,11,1245.829,1774.282,1248.012,1812.192
5,16,o3,graph_tokens_serial,1,4096,0,4.323873726939942,27.771,27.751,-0.0720175722876415,0.28682059371862856,-0.32544167083899955,0.6544978547014857,8,27.37,30.436,27.01,30.687
6,17,o3-lto,graph_tokens_serial,1,4096,128,0.8526660522032437,1025.999,1032.091,0.5937627619519992,0.07329441841561479,-2.0081811624463874,0.6866811354272251,10,1020.209,1142.316,1020.309,1082.674
7,19,o3,graph_tokens_serial,4,4096,128,1.0998379230121813,1187.329,1235.92,4.0924629988823735,4.800477200783604,0.10391970886283186,5.658633414961911,11,1131.085,1236.601,1175.788,1321.699
8,19,o3-lto,graph_tokens_serial,4,4096,128,7.8112089034872545,1213.297,1233.395,1.6564781747585355,2.9060883246536884,-1.3889223950065865,6.226917234609486,10,1144.429,1290.582,1180.988,1376.401
9,20,o3,graph_tokens_parallel,1,4096,0,5.52111317765378,27.812,27.761,-0.1833740831295949,-0.7535176058852899,-2.042057077462278,0.14397811532647076,5,27.491,31.91,27.391,30.287
10,21,o3-lto,graph_tokens_parallel,1,4096,128,0.010660133619921908,1027.772,1032.552,0.4650836956056281,0.42464462382130197,0.16333351772648275,1.0584445467096026,11,1021.31,1063.499,1026.27,1069.891
11,23,o3-lto,graph_tokens_parallel,4,4096,128,1.7820570356166465,371.251,371.041,-0.056565504200656314,-0.24887305314871266,-1.706571981510796,2.0950018777744273,6,366.031,379.917,364.789,384.886
12,27,o3,graph_tokens_serial,1,65,0,12.306860321384416,8.145,8.126,-0.23327194597912992,0.0,-0.7516017742730363,1.2302591396911255,7,7.985,11.461,7.995,11.602
