backend,workers,scenario,iterations,before_us,after_us,paired_change_pct,min_change_pct,max_change_pct,paired_changes
mimalloc,1,dag_build_run,0,251.623,249.55,-1.1036915211920628,-2.4541281640422574,3.9102148849667895,"[-1.1036915211920628, 3.9102148849667895, -2.4541281640422574, -1.38684059022548, -0.4333008958355977]"
mimalloc,1,dag_build_run,400,3783.058,3832.766,0.7016826349061311,-0.6962356908088663,1.686265411884036,"[0.7016826349061311, 0.20012086085527958, 1.586575440787552, -0.6962356908088663, 1.686265411884036]"
mimalloc,1,external_detached,0,298.901,296.116,2.3057500833690847,-4.668489359862171,14.17793851475906,"[6.715390547855349, -4.668489359862171, 2.3057500833690847, -0.7271791453995369, 14.17793851475906]"
mimalloc,1,external_detached,400,3450.009,3467.596,0.5662878073821043,-1.3813830498942026,3.3046290603879536,"[1.0060148068026464, 3.3046290603879536, -1.3813830498942026, -0.45560034235963, 0.5662878073821043]"
mimalloc,1,external_handles,0,582.264,579.278,-4.269234863563199,-6.364548269009873,4.9901566685433,"[-6.364548269009873, -5.167096048477804, 4.9901566685433, -4.269234863563199, -0.5128257972328631]"
mimalloc,1,external_handles,400,3704.767,3676.971,-0.8980101744355262,-17.209229213512323,-0.08680707855581726,"[-0.08680707855581726, -0.16646265761369738, -17.209229213512323, -2.073960443107503, -0.8980101744355262]"
mimalloc,1,graph_reuse,0,446.794,434.772,-5.7957542785151865,-10.131240686162712,0.018633926168254433,"[0.018633926168254433, -5.7957542785151865, -6.8247822857616995, -0.5201502258311286, -10.131240686162712]"
mimalloc,1,graph_reuse,400,3698.37,3536.157,-4.207177756687397,-5.106458205091425,0.6863508854652478,"[0.6863508854652478, -5.106458205091425, -4.207177756687397, -0.05992772215412945, -4.573928778814606]"
mimalloc,4,dag_build_run,0,358.19,347.611,-2.9534604539490195,-9.39643061553671,-0.7514826335162317,"[-0.7514826335162317, -2.9534604539490195, -1.8078316567229358, -3.7713513073774685, -9.39643061553671]"
mimalloc,4,dag_build_run,400,4388.331,4455.545,2.729431260223536,-3.649804693093872,5.385716434218191,"[5.385716434218191, 4.6108130466208985, 1.5316529222613395, -3.649804693093872, 2.729431260223536]"
mimalloc,4,external_detached,0,1647.739,1613.574,-3.1678590846406673,-54.213113216396216,22.76983199519309,"[-5.785339024199853, 22.76983199519309, -3.1678590846406673, 15.884311775105164, -54.213113216396216]"
mimalloc,4,external_detached,400,926.559,929.423,0.8291258725907635,-12.57097435704475,4.239172789724899,"[4.239172789724899, 1.3975632901037427, -12.57097435704475, 0.8291258725907635, -1.0055484863888853]"
mimalloc,4,external_handles,0,3100.921,3033.061,-2.548791149468166,-4.047598478131165,8.377834766610004,"[3.0007495504543513, 8.377834766610004, -4.047598478131165, -3.960339159693982, -2.548791149468166]"
mimalloc,4,external_handles,400,950.764,949.3,0.18299516867426036,-3.494388306946661,0.589946611356762,"[-3.494388306946661, 0.18299516867426036, 0.589946611356762, 0.3104631145287362, -2.24330214075118]"
mimalloc,4,graph_reuse,0,2514.649,2489.462,-4.598348811173625,-54.84282595714775,2.082437747773147,"[-6.231186538235367, -54.84282595714775, -4.598348811173625, -4.240228180613503, 2.082437747773147]"
mimalloc,4,graph_reuse,400,963.377,960.37,0.17043273643631007,-4.789173142548398,1.0159214961322105,"[0.17043273643631007, -4.789173142548398, 1.0159214961322105, 0.46716860558986273, 0.03020624324641119]"
system,1,dag_build_run,0,843.035,820.553,-0.3205627193525462,-6.0701869660626855,18.415289139020572,"[-0.3205627193525462, 0.4231450279612359, -6.0701869660626855, -4.090458877745284, 18.415289139020572]"
system,1,dag_build_run,400,4766.524,4740.817,-0.47178946765844554,-1.3168223655519062,0.28338818447926073,"[-0.53932383430777, 0.28338818447926073, 0.18847859219821572, -0.47178946765844554, -1.3168223655519062]"
system,1,external_detached,0,755.854,753.569,1.39854056163069,-0.30230705929982227,6.172648909620748,"[1.39854056163069, 6.172648909620748, -0.30230705929982227, 1.2503143701644515, 2.8418780061215676]"
system,1,external_detached,400,3923.523,3919.646,0.21836434828388374,-3.262780937372367,3.71089961751212,"[0.08499598630065108, 3.71089961751212, 0.5505124691330687, 0.21836434828388374, -3.262780937372367]"
system,1,external_handles,0,989.185,961.311,-2.452114511160086,-5.7305271599098155,-0.6902738566641475,"[-2.452114511160086, -1.320815164722644, -0.6902738566641475, -5.7305271599098155, -4.150487522556445]"
system,1,external_handles,400,4344.816,4250.462,-2.1716454735942636,-10.149827556962732,-0.766376699468807,"[-10.149827556962732, -8.179418561146967, -2.0376514503125387, -0.766376699468807, -2.1716454735942636]"
system,1,graph_reuse,0,866.177,870.586,-2.112056849230348,-34.605806892932776,3.318239136555179,"[3.318239136555179, 0.13415271936336737, -34.605806892932776, -3.4116674460922036, -2.112056849230348]"
system,1,graph_reuse,400,3712.405,3720.585,-0.09527516529043156,-1.14594224057879,8.608167680302593,"[-1.14594224057879, 8.101765075332313, -0.09527516529043156, -0.28294909783599387, 8.608167680302593]"
system,4,dag_build_run,0,955.831,907.904,-2.5885658465446437,-9.877382002069467,2.229487152437315,"[-5.432550314856921, -0.8544021805601654, -9.877382002069467, 2.229487152437315, -2.5885658465446437]"
system,4,dag_build_run,400,5439.203,5467.325,-0.053370533382268714,-2.058415982409556,0.5797348403653535,"[-0.053370533382268714, -1.7098018894985745, -2.058415982409556, 0.5797348403653535, 0.5170242772700284]"
system,4,external_detached,0,2926.221,2588.874,7.611250141393966,-34.58468390515298,86.47712922981717,"[7.611250141393966, 86.47712922981717, -34.58468390515298, -29.863564583521285, 61.88345888258584]"
system,4,external_detached,400,1296.351,1293.303,-0.6175796524243937,-6.651254138538077,1.673462029178463,"[-6.651254138538077, -0.8821594481286277, -0.6175796524243937, 1.6555195482142127, 1.673462029178463]"
system,4,external_handles,0,4647.3,4356.066,-7.389086136035983,-21.284453247759792,0.035740014488827576,"[-8.476971465669925, -2.974345821110058, -7.389086136035983, -21.284453247759792, 0.035740014488827576]"
system,4,external_handles,400,1993.455,1900.472,-4.719390087944275,-5.440316205533602,-2.142851568495352,"[-4.521828425132057, -5.440316205533602, -4.749241894098432, -2.142851568495352, -4.719390087944275]"
system,4,graph_reuse,0,2836.911,3105.697,2.557991701436646,-17.35951922133139,49.73141200545701,"[-8.55004396826734, -17.35951922133139, 17.80284964879053, 2.557991701436646, 49.73141200545701]"
system,4,graph_reuse,400,1399.931,1368.775,-0.10334625223311633,-8.726184220704214,26.342012570619545,"[-2.2185694936363576, 26.342012570619545, -0.038102886586777185, -0.10334625223311633, -8.726184220704214]"
tbbmalloc,1,dag_build_run,0,532.462,215.908,-57.27128313950942,-63.31122479329011,-54.43749185940909,"[-57.25618218209103, -57.27128313950942, -63.31122479329011, -54.43749185940909, -60.44994760189459]"
tbbmalloc,1,dag_build_run,400,4344.722,3781.666,-12.748813341681299,-13.87570770723352,-8.987686669020478,"[-12.748813341681299, -13.710891990749396, -12.55877635207745, -8.987686669020478, -13.87570770723352]"
tbbmalloc,1,external_detached,0,297.338,300.123,1.1118659572607603,0.03683969041263779,1.9221430196662892,"[1.9221430196662892, 0.5669170495175901, 1.1118659572607603, 0.03683969041263779, 1.4723297692931459]"
tbbmalloc,1,external_detached,400,3485.606,3506.171,-0.4737971992360479,-0.8565022878976647,1.9819343036825865,"[-0.6954660316320305, -0.8565022878976647, 0.6467168119403066, -0.4737971992360479, 1.9819343036825865]"
tbbmalloc,1,external_handles,0,556.055,522.704,-6.064009690051353,-8.651841994047338,-0.911278238819746,"[-5.4143028251343095, -0.911278238819746, -8.651841994047338, -7.343421090573543, -6.064009690051353]"
tbbmalloc,1,external_handles,400,3699.313,3730.767,0.08882730388048987,-3.088966104417923,1.7114545809954196,"[0.25256580220127667, 1.7114545809954196, -3.042972894234708, 0.08882730388048987, -3.088966104417923]"
tbbmalloc,1,graph_reuse,0,410.868,402.341,-1.496009265981757,-6.737056825952403,1.5279882359088282,"[-6.737056825952403, 1.5279882359088282, -1.496009265981757, -2.904095719306443, -0.6555876661974325]"
tbbmalloc,1,graph_reuse,400,3572.747,3565.034,-0.2439463686589205,-0.675749795199565,6.530947844696278,"[-0.675749795199565, 6.530947844696278, -0.21588430415027116, -0.2439463686589205, -0.3317401642074502]"
tbbmalloc,4,dag_build_run,0,628.649,338.795,-47.02556772045144,-54.03610566250485,-45.208655332302946,"[-46.04524941581073, -45.208655332302946, -54.03610566250485, -47.02556772045144, -53.88316806076404]"
tbbmalloc,4,dag_build_run,400,4999.865,4489.011,-11.703517581908951,-13.767951734696837,-5.781374850628273,"[-11.703517581908951, -13.767951734696837, -5.781374850628273, -12.98816432371941, -8.606725258115633]"
tbbmalloc,4,external_detached,0,2166.124,2131.942,-5.569842202536924,-30.225210048743335,20.23671443723407,"[-5.569842202536924, 3.0649676565145834, 20.23671443723407, -9.222665996746915, -30.225210048743335]"
tbbmalloc,4,external_detached,400,902.604,918.102,0.1753401904066143,-3.9967187073792987,1.7170320539239725,"[-3.9967187073792987, 1.7170320539239725, 0.1753401904066143, -0.005552772999317668, 1.5352217542533797]"
tbbmalloc,4,external_handles,0,3546.232,3382.138,-2.5099982276313937,-11.72385676357679,6.047301171189257,"[-7.261067285276745, -2.5099982276313937, 6.047301171189257, -11.72385676357679, 1.4286713334040302]"
tbbmalloc,4,external_handles,400,955.652,957.094,-0.2315696508771059,-0.5037720814231372,1.344111925670921,"[-0.5037720814231372, 1.344111925670921, -0.4315250478027277, 0.3157292875304085, -0.2315696508771059]"
tbbmalloc,4,graph_reuse,0,3013.166,2944.747,0.6902576797877202,-3.744831847963248,6.248292293736402,"[0.6902576797877202, -1.4775817306105332, -3.744831847963248, 6.248292293736402, 5.580885096890742]"
tbbmalloc,4,graph_reuse,400,942.668,944.722,-0.3241862458469025,-0.990179946969616,19.989576341965034,"[19.989576341965034, -0.3241862458469025, -0.990179946969616, -0.4741247580563046, 0.5358889837426384]"
